OBJECTID,ReportDate,Statewide
1,2020/03/23 00:00:00+00,0.59
2,2020/03/24 00:00:00+00,0.69
3,2020/03/25 00:00:00+00,0.8
4,2020/03/26 00:00:00+00,1.12
5,2020/03/27 00:00:00+00,1.48
6,2020/03/28 00:00:00+00,1.9
7,2020/03/29 00:00:00+00,2.35
8,2020/03/30 00:00:00+00,2.66
9,2020/03/31 00:00:00+00,3.1
10,2020/04/01 00:00:00+00,3.69
11,2020/04/02 00:00:00+00,4.14
12,2020/04/03 00:00:00+00,4.69
13,2020/04/04 00:00:00+00,5.04
14,2020/04/05 00:00:00+00,5.6
15,2020/04/06 00:00:00+00,6.22
16,2020/04/07 00:00:00+00,6.41
17,2020/04/08 00:00:00+00,8.37
18,2020/04/09 00:00:00+00,9.11
19,2020/04/10 00:00:00+00,9.95
20,2020/04/11 00:00:00+00,10.8
21,2020/04/12 00:00:00+00,10.91
22,2020/04/13 00:00:00+00,11.56
23,2020/04/14 00:00:00+00,12.05
24,2020/04/15 00:00:00+00,10.64
25,2020/04/16 00:00:00+00,10.87
26,2020/04/17 00:00:00+00,10.88
27,2020/04/18 00:00:00+00,10.9
28,2020/04/19 00:00:00+00,10.88
29,2020/04/20 00:00:00+00,11.22
30,2020/04/21 00:00:00+00,11.16
31,2020/04/22 00:00:00+00,11.21
32,2020/04/23 00:00:00+00,11.7
33,2020/04/24 00:00:00+00,11.92
34,2020/04/25 00:00:00+00,12.9
35,2020/04/26 00:00:00+00,13.59
36,2020/04/27 00:00:00+00,13.71
37,2020/04/28 00:00:00+00,13.99
38,2020/04/29 00:00:00+00,14.35
39,2020/04/30 00:00:00+00,14.19
40,2020/05/01 00:00:00+00,16.2
41,2020/05/02 00:00:00+00,15.85
42,2020/05/03 00:00:00+00,16.26
43,2020/05/04 00:00:00+00,16.35
44,2020/05/05 00:00:00+00,16.55
45,2020/05/06 00:00:00+00,17.28
46,2020/05/07 00:00:00+00,18.03
47,2020/05/08 00:00:00+00,16.57
48,2020/05/09 00:00:00+00,16.68
49,2020/05/10 00:00:00+00,16.84
50,2020/05/11 00:00:00+00,16.46
51,2020/05/12 00:00:00+00,16.41
52,2020/05/13 00:00:00+00,15.71
53,2020/05/14 00:00:00+00,15.43
54,2020/05/15 00:00:00+00,15.36
55,2020/05/16 00:00:00+00,15.2
56,2020/05/17 00:00:00+00,14.69
57,2020/05/18 00:00:00+00,15.1
58,2020/05/19 00:00:00+00,17.69
59,2020/05/20 00:00:00+00,17.75
60,2020/05/21 00:00:00+00,18.02
61,2020/05/22 00:00:00+00,17.58
62,2020/05/23 00:00:00+00,17.79
63,2020/05/24 00:00:00+00,17.74
64,2020/05/25 00:00:00+00,17.46
65,2020/05/26 00:00:00+00,14.51
66,2020/05/27 00:00:00+00,14.41
67,2020/05/28 00:00:00+00,14.6
68,2020/05/29 00:00:00+00,15.51
69,2020/05/30 00:00:00+00,15.41
70,2020/05/31 00:00:00+00,15.28
71,2020/06/01 00:00:00+00,14.59
72,2020/06/02 00:00:00+00,15.33
73,2020/06/03 00:00:00+00,15.5
74,2020/06/04 00:00:00+00,14.53
75,2020/06/05 00:00:00+00,13.66
76,2020/06/06 00:00:00+00,12.92
77,2020/06/07 00:00:00+00,12.28
78,2020/06/08 00:00:00+00,12
79,2020/06/09 00:00:00+00,11.17
80,2020/06/10 00:00:00+00,10.59
81,2020/06/11 00:00:00+00,10.25
82,2020/06/12 00:00:00+00,9.08
83,2020/06/13 00:00:00+00,9.03
84,2020/06/14 00:00:00+00,8.81
85,2020/06/15 00:00:00+00,8.57
86,2020/06/16 00:00:00+00,8.28
87,2020/06/17 00:00:00+00,8.28
88,2020/06/18 00:00:00+00,7.16
89,2020/06/19 00:00:00+00,6.94
90,2020/06/20 00:00:00+00,6.26
91,2020/06/21 00:00:00+00,6.16
92,2020/06/22 00:00:00+00,6.08
93,2020/06/23 00:00:00+00,6.14
94,2020/06/24 00:00:00+00,5.6
95,2020/06/25 00:00:00+00,6.02
96,2020/06/26 00:00:00+00,6.07
97,2020/06/27 00:00:00+00,5.89
98,2020/06/28 00:00:00+00,5.84
99,2020/06/29 00:00:00+00,6.26
100,2020/06/30 00:00:00+00,6.03
101,2020/07/01 00:00:00+00,6.1
102,2020/07/02 00:00:00+00,6.25
103,2020/07/03 00:00:00+00,6.72
104,2020/07/04 00:00:00+00,6.83
105,2020/07/05 00:00:00+00,6.75
106,2020/07/06 00:00:00+00,6.26
107,2020/07/07 00:00:00+00,6.7
108,2020/07/08 00:00:00+00,6.95
109,2020/07/09 00:00:00+00,7.15
110,2020/07/10 00:00:00+00,6.97
111,2020/07/11 00:00:00+00,7.39
112,2020/07/12 00:00:00+00,8.22
113,2020/07/13 00:00:00+00,8.56
114,2020/07/14 00:00:00+00,9.13
115,2020/07/15 00:00:00+00,9.82
116,2020/07/16 00:00:00+00,9.96
117,2020/07/17 00:00:00+00,10.54
118,2020/07/18 00:00:00+00,11.2
119,2020/07/19 00:00:00+00,11.87
120,2020/07/20 00:00:00+00,12.19
121,2020/07/21 00:00:00+00,12.49
122,2020/07/22 00:00:00+00,12.18
123,2020/07/23 00:00:00+00,12.22
124,2020/07/24 00:00:00+00,12.75
125,2020/07/25 00:00:00+00,13.82
126,2020/07/26 00:00:00+00,13.27
127,2020/07/27 00:00:00+00,14.63
128,2020/07/28 00:00:00+00,14.13
129,2020/07/29 00:00:00+00,14.44
130,2020/07/30 00:00:00+00,14.98
131,2020/07/31 00:00:00+00,15.55
132,2020/08/01 00:00:00+00,14.91
133,2020/08/02 00:00:00+00,15.42
134,2020/08/03 00:00:00+00,14.81
135,2020/08/04 00:00:00+00,14.96
136,2020/08/05 00:00:00+00,14.51
137,2020/08/06 00:00:00+00,13.77
138,2020/08/07 00:00:00+00,12.9
139,2020/08/08 00:00:00+00,12.33
140,2020/08/09 00:00:00+00,12.36
141,2020/08/10 00:00:00+00,12.08
142,2020/08/11 00:00:00+00,11.79
143,2020/08/12 00:00:00+00,11.72
144,2020/08/13 00:00:00+00,12.18
145,2020/08/14 00:00:00+00,11.98
146,2020/08/15 00:00:00+00,12.08
147,2020/08/16 00:00:00+00,11.13
148,2020/08/17 00:00:00+00,10.53
149,2020/08/18 00:00:00+00,10.38
150,2020/08/19 00:00:00+00,10.08
151,2020/08/20 00:00:00+00,9.61
152,2020/08/21 00:00:00+00,9.51
153,2020/08/22 00:00:00+00,9.05
154,2020/08/23 00:00:00+00,9.19
155,2020/08/24 00:00:00+00,9.34
156,2020/08/25 00:00:00+00,9.01
157,2020/08/26 00:00:00+00,9.07
158,2020/08/27 00:00:00+00,9.06
159,2020/08/28 00:00:00+00,8.9
160,2020/08/29 00:00:00+00,8.91
161,2020/08/30 00:00:00+00,8.72
162,2020/08/31 00:00:00+00,8.46
163,2020/09/01 00:00:00+00,9.02
164,2020/09/02 00:00:00+00,9.06
165,2020/09/03 00:00:00+00,9.33
166,2020/09/04 00:00:00+00,9.85
167,2020/09/05 00:00:00+00,10.19
168,2020/09/06 00:00:00+00,10.23
169,2020/09/07 00:00:00+00,10.95
170,2020/09/08 00:00:00+00,10.34
171,2020/09/09 00:00:00+00,10.06
172,2020/09/10 00:00:00+00,9.61
173,2020/09/11 00:00:00+00,9.2
174,2020/09/12 00:00:00+00,9.28
175,2020/09/13 00:00:00+00,9.43
176,2020/09/14 00:00:00+00,8.89
177,2020/09/15 00:00:00+00,9.47
178,2020/09/16 00:00:00+00,10.19
179,2020/09/17 00:00:00+00,10.49
180,2020/09/18 00:00:00+00,10.25
181,2020/09/19 00:00:00+00,9.95
182,2020/09/20 00:00:00+00,9.56
183,2020/09/21 00:00:00+00,9.27
184,2020/09/22 00:00:00+00,8.66
185,2020/09/23 00:00:00+00,8.06
186,2020/09/24 00:00:00+00,7.75
187,2020/09/25 00:00:00+00,7.79
188,2020/09/26 00:00:00+00,7.63
189,2020/09/27 00:00:00+00,7.67
190,2020/09/28 00:00:00+00,7.83
191,2020/09/29 00:00:00+00,8.03
192,2020/09/30 00:00:00+00,8.1
193,2020/10/01 00:00:00+00,8.77
194,2020/10/02 00:00:00+00,9.13
195,2020/10/03 00:00:00+00,9.09
196,2020/10/04 00:00:00+00,9.18
197,2020/10/05 00:00:00+00,9.24
198,2020/10/06 00:00:00+00,9.2
199,2020/10/07 00:00:00+00,9.31
200,2020/10/08 00:00:00+00,9.25
201,2020/10/09 00:00:00+00,9.3
202,2020/10/10 00:00:00+00,9.4
203,2020/10/11 00:00:00+00,9.61
204,2020/10/12 00:00:00+00,9.62
205,2020/10/13 00:00:00+00,9.78
206,2020/10/14 00:00:00+00,10.05
207,2020/10/15 00:00:00+00,9.74
208,2020/10/16 00:00:00+00,9.85
209,2020/10/17 00:00:00+00,10.24
210,2020/10/18 00:00:00+00,10.16
211,2020/10/19 00:00:00+00,10.14
212,2020/10/20 00:00:00+00,10.4
213,2020/10/21 00:00:00+00,10.2
214,2020/10/22 00:00:00+00,10.47
215,2020/10/23 00:00:00+00,10.31
216,2020/10/24 00:00:00+00,10.3
217,2020/10/25 00:00:00+00,10.92
218,2020/10/26 00:00:00+00,11.08
219,2020/10/27 00:00:00+00,11.81
220,2020/10/28 00:00:00+00,12.26
221,2020/10/29 00:00:00+00,12.78
222,2020/10/30 00:00:00+00,13.29
223,2020/10/31 00:00:00+00,13.69
224,2020/11/01 00:00:00+00,13.86
225,2020/11/02 00:00:00+00,14.53
226,2020/11/03 00:00:00+00,14.24
227,2020/11/04 00:00:00+00,14.98
228,2020/11/05 00:00:00+00,15.54
229,2020/11/06 00:00:00+00,16.99
230,2020/11/07 00:00:00+00,18.04
231,2020/11/08 00:00:00+00,18.55
232,2020/11/09 00:00:00+00,19.79
233,2020/11/10 00:00:00+00,21.13
234,2020/11/11 00:00:00+00,22.82
235,2020/11/12 00:00:00+00,23.48
236,2020/11/13 00:00:00+00,24.25
237,2020/11/14 00:00:00+00,26.41
238,2020/11/15 00:00:00+00,28.2
239,2020/11/16 00:00:00+00,29.03
240,2020/11/17 00:00:00+00,30.95
241,2020/11/18 00:00:00+00,31.66
242,2020/11/19 00:00:00+00,35.05
243,2020/11/20 00:00:00+00,36.19
244,2020/11/21 00:00:00+00,37.53
245,2020/11/22 00:00:00+00,38.3
246,2020/11/23 00:00:00+00,38.14
247,2020/11/24 00:00:00+00,37
248,2020/11/25 00:00:00+00,38.54
249,2020/11/26 00:00:00+00,37.21
250,2020/11/27 00:00:00+00,37.27
251,2020/11/28 00:00:00+00,34.21
252,2020/11/29 00:00:00+00,33.81
253,2020/11/30 00:00:00+00,34.44
254,2020/12/01 00:00:00+00,37.03
255,2020/12/02 00:00:00+00,35.97
256,2020/12/03 00:00:00+00,35.25
257,2020/12/04 00:00:00+00,38.59
258,2020/12/05 00:00:00+00,42.38
259,2020/12/06 00:00:00+00,43.9
260,2020/12/07 00:00:00+00,44.8
261,2020/12/08 00:00:00+00,44.49
262,2020/12/09 00:00:00+00,45.6
263,2020/12/10 00:00:00+00,48.34
264,2020/12/11 00:00:00+00,45.56
265,2020/12/12 00:00:00+00,46.37
266,2020/12/13 00:00:00+00,46.36
267,2020/12/14 00:00:00+00,46.39
268,2020/12/15 00:00:00+00,45.84
269,2020/12/16 00:00:00+00,45.17
270,2020/12/17 00:00:00+00,42.84
271,2020/12/18 00:00:00+00,42.73
272,2020/12/19 00:00:00+00,39.57
273,2020/12/20 00:00:00+00,38.19
274,2020/12/21 00:00:00+00,38.07
275,2020/12/22 00:00:00+00,37.89
276,2020/12/23 00:00:00+00,38.03
277,2020/12/24 00:00:00+00,39.57
278,2020/12/25 00:00:00+00,39.24
279,2020/12/26 00:00:00+00,39.43
280,2020/12/27 00:00:00+00,38.73
281,2020/12/28 00:00:00+00,38.07
282,2020/12/29 00:00:00+00,37.01
283,2020/12/30 00:00:00+00,37.4
284,2020/12/31 00:00:00+00,37.7
285,2021/01/01 00:00:00+00,40.31
286,2021/01/02 00:00:00+00,41.9
287,2021/01/03 00:00:00+00,42.82
288,2021/01/04 00:00:00+00,44
289,2021/01/05 00:00:00+00,44.18
290,2021/01/06 00:00:00+00,45.4
291,2021/01/07 00:00:00+00,45.4
292,2021/01/08 00:00:00+00,45.81
293,2021/01/09 00:00:00+00,47.72
294,2021/01/10 00:00:00+00,50.46
295,2021/01/11 00:00:00+00,51.71
296,2021/01/12 00:00:00+00,53.39
297,2021/01/13 00:00:00+00,51.9
298,2021/01/14 00:00:00+00,51.85
299,2021/01/15 00:00:00+00,49.94
300,2021/01/16 00:00:00+00,48.84
301,2021/01/17 00:00:00+00,46.72
302,2021/01/18 00:00:00+00,42.14
303,2021/01/19 00:00:00+00,41.32
304,2021/01/20 00:00:00+00,39.5
305,2021/01/21 00:00:00+00,38.2
306,2021/01/22 00:00:00+00,36.1
307,2021/01/23 00:00:00+00,35.5
308,2021/01/24 00:00:00+00,35.26
309,2021/01/25 00:00:00+00,34.11
310,2021/01/26 00:00:00+00,33.57
311,2021/01/27 00:00:00+00,33.62
312,2021/01/28 00:00:00+00,32.41
313,2021/01/29 00:00:00+00,31.71
314,2021/01/30 00:00:00+00,30.77
315,2021/01/31 00:00:00+00,29.53
316,2021/02/01 00:00:00+00,28.17
317,2021/02/02 00:00:00+00,25.81
318,2021/02/03 00:00:00+00,24.31
319,2021/02/04 00:00:00+00,23.52
320,2021/02/05 00:00:00+00,22.11
321,2021/02/06 00:00:00+00,21.68
322,2021/02/07 00:00:00+00,21.07
323,2021/02/08 00:00:00+00,21.24
324,2021/02/09 00:00:00+00,21.7
325,2021/02/10 00:00:00+00,20.9
326,2021/02/11 00:00:00+00,19.83
327,2021/02/12 00:00:00+00,19.03
328,2021/02/13 00:00:00+00,17.33
329,2021/02/14 00:00:00+00,16.9
330,2021/02/15 00:00:00+00,15.8
331,2021/02/16 00:00:00+00,14.92
332,2021/02/17 00:00:00+00,14.42
333,2021/02/18 00:00:00+00,14.17
334,2021/02/19 00:00:00+00,13.23
335,2021/02/20 00:00:00+00,12.69
336,2021/02/21 00:00:00+00,12.43
337,2021/02/22 00:00:00+00,12.78
338,2021/02/23 00:00:00+00,13.02
339,2021/02/24 00:00:00+00,13
340,2021/02/25 00:00:00+00,12.91
341,2021/02/26 00:00:00+00,13.08
342,2021/02/27 00:00:00+00,13.57
343,2021/02/28 00:00:00+00,13.55
344,2021/03/01 00:00:00+00,13.1
345,2021/03/02 00:00:00+00,12.92
346,2021/03/03 00:00:00+00,12.52
347,2021/03/04 00:00:00+00,12.39
348,2021/03/05 00:00:00+00,12.61
349,2021/03/06 00:00:00+00,12.33
350,2021/03/07 00:00:00+00,12.6
351,2021/03/08 00:00:00+00,12.99
352,2021/03/09 00:00:00+00,13.26
353,2021/03/10 00:00:00+00,13.53
354,2021/03/11 00:00:00+00,13.71
355,2021/03/12 00:00:00+00,14.11
356,2021/03/13 00:00:00+00,14.47
357,2021/03/14 00:00:00+00,14.23
358,2021/03/15 00:00:00+00,14.3
359,2021/03/16 00:00:00+00,14.34
360,2021/03/17 00:00:00+00,14.78
361,2021/03/18 00:00:00+00,15.17
362,2021/03/19 00:00:00+00,15.21
363,2021/03/20 00:00:00+00,15.55
364,2021/03/21 00:00:00+00,15.71
365,2021/03/22 00:00:00+00,15.86
366,2021/03/23 00:00:00+00,16.46
367,2021/03/24 00:00:00+00,17.1
368,2021/03/25 00:00:00+00,17.59
369,2021/03/26 00:00:00+00,18.18
370,2021/03/27 00:00:00+00,18.95
371,2021/03/28 00:00:00+00,19.78
372,2021/03/29 00:00:00+00,20.21
373,2021/03/30 00:00:00+00,20.66
374,2021/03/31 00:00:00+00,21.14
375,2021/04/01 00:00:00+00,21.37
376,2021/04/02 00:00:00+00,21.15
377,2021/04/03 00:00:00+00,21.94
378,2021/04/04 00:00:00+00,21.53
379,2021/04/05 00:00:00+00,21.45
380,2021/04/06 00:00:00+00,21.7
381,2021/04/07 00:00:00+00,21.02
382,2021/04/08 00:00:00+00,21.92
383,2021/04/09 00:00:00+00,22.65
384,2021/04/10 00:00:00+00,22.21
385,2021/04/11 00:00:00+00,22.51
386,2021/04/12 00:00:00+00,23.02
387,2021/04/13 00:00:00+00,23.22
388,2021/04/14 00:00:00+00,23.56
389,2021/04/15 00:00:00+00,22.91
390,2021/04/16 00:00:00+00,22.71
391,2021/04/17 00:00:00+00,21.97
392,2021/04/18 00:00:00+00,21.13
393,2021/04/19 00:00:00+00,20.76
394,2021/04/20 00:00:00+00,19.94
395,2021/04/21 00:00:00+00,19.37
396,2021/04/22 00:00:00+00,18.42
397,2021/04/23 00:00:00+00,17.7
398,2021/04/24 00:00:00+00,17.08
399,2021/04/25 00:00:00+00,16.91
400,2021/04/26 00:00:00+00,16.32
401,2021/04/27 00:00:00+00,15.84
402,2021/04/28 00:00:00+00,15.28
403,2021/04/29 00:00:00+00,14.76
404,2021/04/30 00:00:00+00,14.15
405,2021/05/01 00:00:00+00,13.54
406,2021/05/02 00:00:00+00,13.46
407,2021/05/03 00:00:00+00,13.04
408,2021/05/04 00:00:00+00,12.28
409,2021/05/05 00:00:00+00,11.36
410,2021/05/06 00:00:00+00,10.95
411,2021/05/07 00:00:00+00,10.28
412,2021/05/08 00:00:00+00,9.77
413,2021/05/09 00:00:00+00,9.2
414,2021/05/10 00:00:00+00,8.96
415,2021/05/11 00:00:00+00,8.46
416,2021/05/12 00:00:00+00,8.22
417,2021/05/13 00:00:00+00,7.61
418,2021/05/14 00:00:00+00,6.96
419,2021/05/15 00:00:00+00,6.8
420,2021/05/16 00:00:00+00,6.65
421,2021/05/17 00:00:00+00,6.21
422,2021/05/18 00:00:00+00,5.89
423,2021/05/19 00:00:00+00,5.53
424,2021/05/20 00:00:00+00,5.36
425,2021/05/21 00:00:00+00,5.7
426,2021/05/22 00:00:00+00,5.41
427,2021/05/23 00:00:00+00,5.44
428,2021/05/24 00:00:00+00,5.32
429,2021/05/25 00:00:00+00,4.99
430,2021/05/26 00:00:00+00,4.75
431,2021/05/27 00:00:00+00,4.29
432,2021/05/28 00:00:00+00,3.5
433,2021/05/29 00:00:00+00,3.51
434,2021/05/30 00:00:00+00,3.25
435,2021/05/31 00:00:00+00,3.11
436,2021/06/01 00:00:00+00,2.79
437,2021/06/02 00:00:00+00,2.6
438,2021/06/03 00:00:00+00,2.35
439,2021/06/04 00:00:00+00,2.23
440,2021/06/05 00:00:00+00,1.89
441,2021/06/06 00:00:00+00,1.81
442,2021/06/07 00:00:00+00,1.75
443,2021/06/08 00:00:00+00,1.9
444,2021/06/09 00:00:00+00,1.87
445,2021/06/10 00:00:00+00,1.79
446,2021/06/11 00:00:00+00,1.68
447,2021/06/12 00:00:00+00,1.63
448,2021/06/13 00:00:00+00,1.57
449,2021/06/14 00:00:00+00,1.55
450,2021/06/15 00:00:00+00,1.43
451,2021/06/16 00:00:00+00,1.34
452,2021/06/17 00:00:00+00,1.27
453,2021/06/18 00:00:00+00,1.21
454,2021/06/19 00:00:00+00,1.12
455,2021/06/20 00:00:00+00,1.07
456,2021/06/21 00:00:00+00,1.03
457,2021/06/22 00:00:00+00,0.99
458,2021/06/23 00:00:00+00,0.95
459,2021/06/24 00:00:00+00,0.9
460,2021/06/25 00:00:00+00,0.9
461,2021/06/26 00:00:00+00,0.96
462,2021/06/27 00:00:00+00,0.95
463,2021/06/28 00:00:00+00,0.92
464,2021/06/29 00:00:00+00,0.93
465,2021/06/30 00:00:00+00,0.95
466,2021/07/01 00:00:00+00,1
467,2021/07/02 00:00:00+00,1.08
468,2021/07/03 00:00:00+00,1.07
469,2021/07/04 00:00:00+00,1.07
470,2021/07/05 00:00:00+00,1.1
471,2021/07/06 00:00:00+00,1.08
472,2021/07/07 00:00:00+00,1.14
473,2021/07/08 00:00:00+00,1.28
474,2021/07/09 00:00:00+00,1.35
475,2021/07/10 00:00:00+00,1.39
476,2021/07/11 00:00:00+00,1.49
477,2021/07/12 00:00:00+00,1.66
478,2021/07/13 00:00:00+00,1.77
479,2021/07/14 00:00:00+00,1.96
480,2021/07/15 00:00:00+00,2.05
481,2021/07/16 00:00:00+00,2.18
482,2021/07/17 00:00:00+00,2.39
483,2021/07/18 00:00:00+00,2.53
484,2021/07/19 00:00:00+00,2.62
485,2021/07/20 00:00:00+00,2.95
486,2021/07/21 00:00:00+00,3.24
487,2021/07/22 00:00:00+00,3.49
488,2021/07/23 00:00:00+00,3.81
489,2021/07/24 00:00:00+00,4.14
490,2021/07/25 00:00:00+00,4.42
491,2021/07/26 00:00:00+00,4.78
492,2021/07/27 00:00:00+00,5.19
493,2021/07/28 00:00:00+00,5.66
494,2021/07/29 00:00:00+00,6.23
495,2021/07/30 00:00:00+00,6.86
496,2021/07/31 00:00:00+00,7.43
497,2021/08/01 00:00:00+00,7.89
498,2021/08/02 00:00:00+00,8.02
499,2021/08/03 00:00:00+00,8.68
500,2021/08/04 00:00:00+00,9.21
501,2021/08/05 00:00:00+00,10.07
502,2021/08/06 00:00:00+00,10.79
503,2021/08/07 00:00:00+00,11.52
504,2021/08/08 00:00:00+00,11.85
505,2021/08/09 00:00:00+00,12.46
506,2021/08/10 00:00:00+00,12.91
507,2021/08/11 00:00:00+00,13.67
508,2021/08/12 00:00:00+00,13.81
509,2021/08/13 00:00:00+00,14.1
510,2021/08/14 00:00:00+00,14.14
511,2021/08/15 00:00:00+00,14.56
512,2021/08/16 00:00:00+00,15.09
513,2021/08/17 00:00:00+00,15.39
514,2021/08/18 00:00:00+00,15.42
515,2021/08/19 00:00:00+00,16.02
516,2021/08/20 00:00:00+00,16.29
517,2021/08/21 00:00:00+00,16.58
518,2021/08/22 00:00:00+00,16.95
519,2021/08/23 00:00:00+00,16.94
520,2021/08/24 00:00:00+00,17.37
521,2021/08/25 00:00:00+00,17.8
522,2021/08/26 00:00:00+00,18.19
523,2021/08/27 00:00:00+00,18.75
524,2021/08/28 00:00:00+00,18.94
525,2021/08/29 00:00:00+00,18.98
526,2021/08/30 00:00:00+00,19.52
527,2021/08/31 00:00:00+00,19.96
528,2021/09/01 00:00:00+00,20.02
529,2021/09/02 00:00:00+00,20.06
530,2021/09/03 00:00:00+00,19.65
531,2021/09/04 00:00:00+00,19.03
532,2021/09/05 00:00:00+00,19.23
533,2021/09/06 00:00:00+00,18.56
534,2021/09/07 00:00:00+00,16.97
535,2021/09/08 00:00:00+00,16.11
536,2021/09/09 00:00:00+00,16.5
537,2021/09/10 00:00:00+00,16.93
538,2021/09/11 00:00:00+00,17.74
539,2021/09/12 00:00:00+00,17.92
540,2021/09/13 00:00:00+00,18.63
541,2021/09/14 00:00:00+00,19.78
542,2021/09/15 00:00:00+00,20.78
543,2021/09/16 00:00:00+00,20.72
544,2021/09/17 00:00:00+00,20.48
545,2021/09/18 00:00:00+00,20.21
546,2021/09/19 00:00:00+00,20.3
547,2021/09/20 00:00:00+00,20.01
548,2021/09/21 00:00:00+00,19.91
549,2021/09/22 00:00:00+00,20.09
550,2021/09/23 00:00:00+00,19.7
551,2021/09/24 00:00:00+00,20.39
552,2021/09/25 00:00:00+00,20.57
553,2021/09/26 00:00:00+00,20.15
554,2021/09/27 00:00:00+00,20.15
555,2021/09/28 00:00:00+00,20.1
556,2021/09/29 00:00:00+00,20.27
557,2021/09/30 00:00:00+00,20.67
558,2021/10/01 00:00:00+00,20.01
559,2021/10/02 00:00:00+00,19.96
560,2021/10/03 00:00:00+00,20.23
561,2021/10/04 00:00:00+00,19.47
562,2021/10/05 00:00:00+00,19.36
563,2021/10/06 00:00:00+00,19.17
564,2021/10/07 00:00:00+00,18.33
565,2021/10/08 00:00:00+00,18.26
566,2021/10/09 00:00:00+00,18.83
567,2021/10/10 00:00:00+00,18.2
568,2021/10/11 00:00:00+00,17.63
569,2021/10/12 00:00:00+00,17.72
570,2021/10/13 00:00:00+00,17.07
571,2021/10/14 00:00:00+00,16.81
572,2021/10/15 00:00:00+00,16.05
573,2021/10/16 00:00:00+00,14.96
574,2021/10/17 00:00:00+00,14.74
575,2021/10/18 00:00:00+00,15.05
576,2021/10/19 00:00:00+00,14.11
577,2021/10/20 00:00:00+00,13.98
578,2021/10/21 00:00:00+00,13.5
579,2021/10/22 00:00:00+00,13.44
580,2021/10/23 00:00:00+00,13.07
581,2021/10/24 00:00:00+00,12.6
582,2021/10/25 00:00:00+00,12.72
583,2021/10/26 00:00:00+00,12.76
584,2021/10/27 00:00:00+00,12.43
585,2021/10/28 00:00:00+00,12.54
586,2021/10/29 00:00:00+00,12.45
587,2021/10/30 00:00:00+00,12.26
588,2021/10/31 00:00:00+00,12.11
589,2021/11/01 00:00:00+00,11.83
590,2021/11/02 00:00:00+00,11.75
591,2021/11/03 00:00:00+00,11.45
592,2021/11/04 00:00:00+00,11.34
593,2021/11/05 00:00:00+00,11.16
594,2021/11/06 00:00:00+00,11.37
595,2021/11/07 00:00:00+00,11.62
596,2021/11/08 00:00:00+00,11.54
597,2021/11/09 00:00:00+00,11.89
598,2021/11/10 00:00:00+00,12.33
599,2021/11/11 00:00:00+00,12.43
600,2021/11/12 00:00:00+00,12.88
601,2021/11/13 00:00:00+00,13.1
602,2021/11/14 00:00:00+00,13.48
603,2021/11/15 00:00:00+00,14.08
604,2021/11/16 00:00:00+00,13.96
605,2021/11/17 00:00:00+00,14.18
606,2021/11/18 00:00:00+00,14.59
607,2021/11/19 00:00:00+00,14.67
608,2021/11/20 00:00:00+00,15.11
609,2021/11/21 00:00:00+00,15.38
610,2021/11/22 00:00:00+00,15.47
611,2021/11/23 00:00:00+00,15.74
612,2021/11/24 00:00:00+00,15.82
613,2021/11/25 00:00:00+00,15.62
614,2021/11/26 00:00:00+00,14.85
615,2021/11/27 00:00:00+00,14.46
616,2021/11/28 00:00:00+00,14.29
617,2021/11/29 00:00:00+00,15.48
618,2021/11/30 00:00:00+00,16.04
619,2021/12/01 00:00:00+00,17.73
620,2021/12/02 00:00:00+00,19.39
621,2021/12/03 00:00:00+00,22.16
622,2021/12/04 00:00:00+00,22.54
623,2021/12/05 00:00:00+00,23.05
624,2021/12/06 00:00:00+00,22.92
625,2021/12/07 00:00:00+00,23.08
626,2021/12/08 00:00:00+00,22.35
627,2021/12/09 00:00:00+00,22.46
628,2021/12/10 00:00:00+00,20.98
629,2021/12/11 00:00:00+00,21.84
630,2021/12/12 00:00:00+00,22.95
631,2021/12/13 00:00:00+00,24.19
632,2021/12/14 00:00:00+00,26.52
633,2021/12/15 00:00:00+00,30.36
634,2021/12/16 00:00:00+00,34.58
635,2021/12/17 00:00:00+00,39.57
636,2021/12/18 00:00:00+00,42.2
637,2021/12/19 00:00:00+00,41.57
638,2021/12/20 00:00:00+00,52.73
639,2021/12/21 00:00:00+00,58.46
640,2021/12/22 00:00:00+00,68.8
641,2021/12/23 00:00:00+00,85.57
642,2021/12/24 00:00:00+00,101.11
643,2021/12/25 00:00:00+00,109.91
644,2021/12/26 00:00:00+00,120.78
645,2021/12/27 00:00:00+00,122.77
646,2021/12/28 00:00:00+00,139.99
647,2021/12/29 00:00:00+00,158.73
648,2021/12/30 00:00:00+00,164.58
649,2021/12/31 00:00:00+00,176.35
650,2022/01/01 00:00:00+00,188.37
651,2022/01/02 00:00:00+00,209.96
652,2022/01/03 00:00:00+00,228.78
653,2022/01/04 00:00:00+00,227.14
654,2022/01/05 00:00:00+00,223.05
655,2022/01/06 00:00:00+00,222.3
656,2022/01/07 00:00:00+00,219.6
657,2022/01/08 00:00:00+00,235.17
658,2022/01/09 00:00:00+00,223.91
659,2022/01/10 00:00:00+00,212.25
660,2022/01/11 00:00:00+00,213.36
661,2022/01/12 00:00:00+00,207.48
662,2022/01/13 00:00:00+00,202.04
663,2022/01/14 00:00:00+00,193.99
664,2022/01/15 00:00:00+00,171.17
665,2022/01/16 00:00:00+00,163.22
666,2022/01/17 00:00:00+00,146.96
667,2022/01/18 00:00:00+00,129.63
668,2022/01/19 00:00:00+00,124.92
669,2022/01/20 00:00:00+00,111.98
670,2022/01/21 00:00:00+00,99.48
671,2022/01/22 00:00:00+00,89.02
672,2022/01/23 00:00:00+00,79.56
673,2022/01/24 00:00:00+00,77.54
674,2022/01/25 00:00:00+00,74.58
675,2022/01/26 00:00:00+00,60.89
676,2022/01/27 00:00:00+00,56.54
677,2022/01/28 00:00:00+00,50.54
678,2022/01/29 00:00:00+00,46.33
679,2022/01/30 00:00:00+00,42.4
680,2022/01/31 00:00:00+00,40.06
681,2022/02/01 00:00:00+00,36.21
682,2022/02/02 00:00:00+00,33.22
683,2022/02/03 00:00:00+00,29.72
684,2022/02/04 00:00:00+00,27.75
685,2022/02/05 00:00:00+00,25.76
686,2022/02/06 00:00:00+00,24.98
687,2022/02/07 00:00:00+00,23.12
688,2022/02/08 00:00:00+00,21.52
689,2022/02/09 00:00:00+00,18.98
690,2022/02/10 00:00:00+00,17.2
691,2022/02/11 00:00:00+00,15.43
692,2022/02/12 00:00:00+00,14.37
693,2022/02/13 00:00:00+00,13.5
694,2022/02/14 00:00:00+00,12.66
695,2022/02/15 00:00:00+00,11.92
696,2022/02/16 00:00:00+00,11.1
697,2022/02/17 00:00:00+00,10.9
698,2022/02/18 00:00:00+00,10.72
699,2022/02/19 00:00:00+00,11.6
700,2022/02/20 00:00:00+00,11.47
701,2022/02/21 00:00:00+00,11.32
702,2022/02/22 00:00:00+00,10.99
703,2022/02/23 00:00:00+00,10.78
704,2022/02/24 00:00:00+00,10.35
705,2022/02/25 00:00:00+00,10.54
706,2022/02/26 00:00:00+00,8.87
707,2022/02/27 00:00:00+00,8.92
708,2022/02/28 00:00:00+00,8.85
709,2022/03/01 00:00:00+00,9
710,2022/03/02 00:00:00+00,8.55
711,2022/03/03 00:00:00+00,7.91
712,2022/03/04 00:00:00+00,6.57
713,2022/03/05 00:00:00+00,6.26
714,2022/03/06 00:00:00+00,5.87
715,2022/03/07 00:00:00+00,5.72
716,2022/03/08 00:00:00+00,5.42
717,2022/03/09 00:00:00+00,5.21
718,2022/03/10 00:00:00+00,5.09
719,2022/03/11 00:00:00+00,5.06
720,2022/03/12 00:00:00+00,4.96
721,2022/03/13 00:00:00+00,4.77
722,2022/03/14 00:00:00+00,4.69
723,2022/03/15 00:00:00+00,4.82
724,2022/03/16 00:00:00+00,4.8
725,2022/03/17 00:00:00+00,5
726,2022/03/18 00:00:00+00,4.97
727,2022/03/19 00:00:00+00,4.97
728,2022/03/20 00:00:00+00,5.04
729,2022/03/21 00:00:00+00,4.86
730,2022/03/22 00:00:00+00,4.66
731,2022/03/23 00:00:00+00,4.62
732,2022/03/24 00:00:00+00,4.53
733,2022/03/25 00:00:00+00,4.63
734,2022/03/26 00:00:00+00,4.68
735,2022/03/27 00:00:00+00,4.77
736,2022/03/28 00:00:00+00,5
737,2022/03/29 00:00:00+00,5.09
738,2022/03/30 00:00:00+00,5.23
739,2022/03/31 00:00:00+00,5.34
740,2022/04/01 00:00:00+00,5.49
741,2022/04/02 00:00:00+00,5.59
742,2022/04/03 00:00:00+00,5.82
743,2022/04/04 00:00:00+00,5.87
744,2022/04/05 00:00:00+00,6.44
745,2022/04/06 00:00:00+00,6.6
746,2022/04/07 00:00:00+00,7.09
747,2022/04/08 00:00:00+00,7.58
748,2022/04/09 00:00:00+00,8.15
749,2022/04/10 00:00:00+00,8.45
750,2022/04/11 00:00:00+00,8.92
751,2022/04/12 00:00:00+00,8.75
752,2022/04/13 00:00:00+00,9.42
753,2022/04/14 00:00:00+00,9.76
754,2022/04/15 00:00:00+00,10.21
755,2022/04/16 00:00:00+00,10.59
756,2022/04/17 00:00:00+00,10.84
757,2022/04/18 00:00:00+00,11.24
758,2022/04/19 00:00:00+00,11.66
759,2022/04/20 00:00:00+00,12.3
760,2022/04/21 00:00:00+00,12.84
761,2022/04/22 00:00:00+00,13.17
762,2022/04/23 00:00:00+00,13.44
763,2022/04/24 00:00:00+00,13.3
764,2022/04/25 00:00:00+00,13.71
765,2022/04/26 00:00:00+00,13.92
766,2022/04/27 00:00:00+00,14.74
767,2022/04/28 00:00:00+00,15.63
768,2022/04/29 00:00:00+00,16.19
769,2022/04/30 00:00:00+00,16.06
770,2022/05/01 00:00:00+00,16.1
771,2022/05/02 00:00:00+00,16.5
772,2022/05/03 00:00:00+00,17.93
773,2022/05/04 00:00:00+00,18.24
774,2022/05/05 00:00:00+00,19.48
775,2022/05/06 00:00:00+00,20.9
776,2022/05/07 00:00:00+00,22.05
777,2022/05/08 00:00:00+00,23.85
778,2022/05/09 00:00:00+00,25.31
779,2022/05/10 00:00:00+00,25.81
780,2022/05/11 00:00:00+00,27.43
781,2022/05/12 00:00:00+00,28.74
782,2022/05/13 00:00:00+00,30.54
783,2022/05/14 00:00:00+00,32.09
784,2022/05/15 00:00:00+00,32.74
785,2022/05/16 00:00:00+00,34.31
786,2022/05/17 00:00:00+00,35.38
787,2022/05/18 00:00:00+00,36.71
788,2022/05/19 00:00:00+00,38
789,2022/05/20 00:00:00+00,37
790,2022/05/21 00:00:00+00,36.94
791,2022/05/22 00:00:00+00,37.11
792,2022/05/23 00:00:00+00,37.57
793,2022/05/24 00:00:00+00,37.55
794,2022/05/25 00:00:00+00,37.2
795,2022/05/26 00:00:00+00,36.4
796,2022/05/27 00:00:00+00,36.44
797,2022/05/28 00:00:00+00,36.41
798,2022/05/29 00:00:00+00,36.24
799,2022/05/30 00:00:00+00,33.07
800,2022/05/31 00:00:00+00,32.58
801,2022/06/01 00:00:00+00,29.93
802,2022/06/02 00:00:00+00,29.49
803,2022/06/03 00:00:00+00,29.87
804,2022/06/04 00:00:00+00,29.02
805,2022/06/05 00:00:00+00,28.14
806,2022/06/06 00:00:00+00,29.75
807,2022/06/07 00:00:00+00,28.77
808,2022/06/08 00:00:00+00,29.36
809,2022/06/09 00:00:00+00,27.15
810,2022/06/10 00:00:00+00,26.01
811,2022/06/11 00:00:00+00,25.24
812,2022/06/12 00:00:00+00,24.73
813,2022/06/13 00:00:00+00,23.58
814,2022/06/14 00:00:00+00,23.07
815,2022/06/15 00:00:00+00,22.78
816,2022/06/16 00:00:00+00,23.64
817,2022/06/17 00:00:00+00,22.46
818,2022/06/18 00:00:00+00,22.1
819,2022/06/19 00:00:00+00,21.89
820,2022/06/20 00:00:00+00,20.39
821,2022/06/21 00:00:00+00,21.13
822,2022/06/22 00:00:00+00,21.05
823,2022/06/23 00:00:00+00,20.54
824,2022/06/24 00:00:00+00,21.12
825,2022/06/25 00:00:00+00,21.69
826,2022/06/26 00:00:00+00,21.94
827,2022/06/27 00:00:00+00,23.72
828,2022/06/28 00:00:00+00,23.66
829,2022/06/29 00:00:00+00,23.94
830,2022/06/30 00:00:00+00,24.17
831,2022/07/01 00:00:00+00,24.07
832,2022/07/02 00:00:00+00,23.88
833,2022/07/03 00:00:00+00,24.33
834,2022/07/04 00:00:00+00,22.72
835,2022/07/05 00:00:00+00,22.59
836,2022/07/06 00:00:00+00,21.38
837,2022/07/07 00:00:00+00,21.57
838,2022/07/08 00:00:00+00,22.34
839,2022/07/09 00:00:00+00,22.75
840,2022/07/10 00:00:00+00,22.38
841,2022/07/11 00:00:00+00,24.66
842,2022/07/12 00:00:00+00,25.61
843,2022/07/13 00:00:00+00,26.96
844,2022/07/14 00:00:00+00,26.74
845,2022/07/15 00:00:00+00,26.52
846,2022/07/16 00:00:00+00,26.43
847,2022/07/17 00:00:00+00,26.62
848,2022/07/18 00:00:00+00,25.23
849,2022/07/19 00:00:00+00,25.83
850,2022/07/20 00:00:00+00,26.5
851,2022/07/21 00:00:00+00,26.37
852,2022/07/22 00:00:00+00,26.46
853,2022/07/23 00:00:00+00,25.92
854,2022/07/24 00:00:00+00,26
855,2022/07/25 00:00:00+00,27.78
856,2022/07/26 00:00:00+00,26.9
857,2022/07/27 00:00:00+00,26.7
858,2022/07/28 00:00:00+00,27.13
859,2022/07/29 00:00:00+00,27
860,2022/07/30 00:00:00+00,27.42
861,2022/07/31 00:00:00+00,27.3
862,2022/08/01 00:00:00+00,26.77
863,2022/08/02 00:00:00+00,26.47
864,2022/08/03 00:00:00+00,26.46
865,2022/08/04 00:00:00+00,26
866,2022/08/05 00:00:00+00,25.41
867,2022/08/06 00:00:00+00,25.04
868,2022/08/07 00:00:00+00,24.82
869,2022/08/08 00:00:00+00,24.93
870,2022/08/09 00:00:00+00,25.44
871,2022/08/10 00:00:00+00,25.31
872,2022/08/11 00:00:00+00,25.83
873,2022/08/12 00:00:00+00,25.8
874,2022/08/13 00:00:00+00,25.43
875,2022/08/14 00:00:00+00,24.74
876,2022/08/15 00:00:00+00,23.72
877,2022/08/16 00:00:00+00,22.52
878,2022/08/17 00:00:00+00,22.19
879,2022/08/18 00:00:00+00,21.21
880,2022/08/19 00:00:00+00,20.69
881,2022/08/20 00:00:00+00,20.56
882,2022/08/21 00:00:00+00,20.62
883,2022/08/22 00:00:00+00,20.82
884,2022/08/23 00:00:00+00,20.49
885,2022/08/24 00:00:00+00,19.53
886,2022/08/25 00:00:00+00,18.9
887,2022/08/26 00:00:00+00,18.83
888,2022/08/27 00:00:00+00,18.54
889,2022/08/28 00:00:00+00,18.47
890,2022/08/29 00:00:00+00,17.88
891,2022/08/30 00:00:00+00,17.54
892,2022/08/31 00:00:00+00,17.5
893,2022/09/01 00:00:00+00,17.06
894,2022/09/02 00:00:00+00,16.77
895,2022/09/03 00:00:00+00,16.44
896,2022/09/04 00:00:00+00,16.12
897,2022/09/05 00:00:00+00,14.77
898,2022/09/06 00:00:00+00,15.32
899,2022/09/07 00:00:00+00,14.23
900,2022/09/08 00:00:00+00,14.86
901,2022/09/09 00:00:00+00,15.1
902,2022/09/10 00:00:00+00,15.15
903,2022/09/11 00:00:00+00,15.17
904,2022/09/12 00:00:00+00,16.26
905,2022/09/13 00:00:00+00,15.84
906,2022/09/14 00:00:00+00,16.65
907,2022/09/15 00:00:00+00,16.33
908,2022/09/16 00:00:00+00,15.67
909,2022/09/17 00:00:00+00,15.51
910,2022/09/18 00:00:00+00,15.49
911,2022/09/19 00:00:00+00,15.16
912,2022/09/20 00:00:00+00,15.04
913,2022/09/21 00:00:00+00,14.71
914,2022/09/22 00:00:00+00,14.21
915,2022/09/23 00:00:00+00,14.21
916,2022/09/24 00:00:00+00,14.2
917,2022/09/25 00:00:00+00,13.91
918,2022/09/26 00:00:00+00,13.54
919,2022/09/27 00:00:00+00,13.36
920,2022/09/28 00:00:00+00,12.82
921,2022/09/29 00:00:00+00,12.49
922,2022/09/30 00:00:00+00,12.08
923,2022/10/01 00:00:00+00,11.98
924,2022/10/02 00:00:00+00,11.88
925,2022/10/03 00:00:00+00,11.64
926,2022/10/04 00:00:00+00,11.16
927,2022/10/05 00:00:00+00,11.1
928,2022/10/06 00:00:00+00,10.95
929,2022/10/07 00:00:00+00,10.73
930,2022/10/08 00:00:00+00,10.48
931,2022/10/09 00:00:00+00,10.47
932,2022/10/10 00:00:00+00,9.97
933,2022/10/11 00:00:00+00,10.2
934,2022/10/12 00:00:00+00,9.89
935,2022/10/13 00:00:00+00,9.8
936,2022/10/14 00:00:00+00,9.95
937,2022/10/15 00:00:00+00,9.97
938,2022/10/16 00:00:00+00,10.04
939,2022/10/17 00:00:00+00,10.8
940,2022/10/18 00:00:00+00,10.58
941,2022/10/19 00:00:00+00,10.7
942,2022/10/20 00:00:00+00,10.55
943,2022/10/21 00:00:00+00,10.3
944,2022/10/22 00:00:00+00,10.25
945,2022/10/23 00:00:00+00,10.22
946,2022/10/24 00:00:00+00,9.95
947,2022/10/25 00:00:00+00,9.79
948,2022/10/26 00:00:00+00,10.14
949,2022/10/27 00:00:00+00,10.54
950,2022/10/28 00:00:00+00,10.88
951,2022/10/29 00:00:00+00,10.98
952,2022/10/30 00:00:00+00,10.87
953,2022/10/31 00:00:00+00,11.31
954,2022/11/01 00:00:00+00,11.51
955,2022/11/02 00:00:00+00,11.48
956,2022/11/03 00:00:00+00,11.42
957,2022/11/04 00:00:00+00,11.55
958,2022/11/05 00:00:00+00,11.62
959,2022/11/06 00:00:00+00,11.92
960,2022/11/07 00:00:00+00,11.97
961,2022/11/08 00:00:00+00,11.61
962,2022/11/09 00:00:00+00,11.38
963,2022/11/10 00:00:00+00,11.17
964,2022/11/11 00:00:00+00,10.3
965,2022/11/12 00:00:00+00,10.09
966,2022/11/13 00:00:00+00,9.61
967,2022/11/14 00:00:00+00,9.45
968,2022/11/15 00:00:00+00,9.75
969,2022/11/16 00:00:00+00,9.62
970,2022/11/17 00:00:00+00,9.58
971,2022/11/18 00:00:00+00,10.16
972,2022/11/19 00:00:00+00,10.32
973,2022/11/20 00:00:00+00,10.44
974,2022/11/21 00:00:00+00,10.22
975,2022/11/22 00:00:00+00,10.14
976,2022/11/23 00:00:00+00,10.11
977,2022/11/24 00:00:00+00,9.56
978,2022/11/25 00:00:00+00,8.49
979,2022/11/26 00:00:00+00,8.28
980,2022/11/27 00:00:00+00,8.45
981,2022/11/28 00:00:00+00,9.4
982,2022/11/29 00:00:00+00,9.76
983,2022/11/30 00:00:00+00,11.1
984,2022/12/01 00:00:00+00,12.89
985,2022/12/02 00:00:00+00,14.54
986,2022/12/03 00:00:00+00,15.71
987,2022/12/04 00:00:00+00,15.92
988,2022/12/05 00:00:00+00,15.41
989,2022/12/06 00:00:00+00,15.61
990,2022/12/07 00:00:00+00,14.99
991,2022/12/08 00:00:00+00,14.73
992,2022/12/09 00:00:00+00,15.03
993,2022/12/10 00:00:00+00,14.59
994,2022/12/11 00:00:00+00,14.66
995,2022/12/12 00:00:00+00,15.3
996,2022/12/13 00:00:00+00,15.69
997,2022/12/14 00:00:00+00,16.12
998,2022/12/15 00:00:00+00,15.92
999,2022/12/16 00:00:00+00,16.51
1000,2022/12/17 00:00:00+00,16.93
1001,2022/12/18 00:00:00+00,17.28
1002,2022/12/19 00:00:00+00,16.46
1003,2022/12/20 00:00:00+00,17.81
1004,2022/12/21 00:00:00+00,17.4
1005,2022/12/22 00:00:00+00,17.89
1006,2022/12/23 00:00:00+00,17.55
1007,2022/12/24 00:00:00+00,17.2
1008,2022/12/25 00:00:00+00,16.96
1009,2022/12/26 00:00:00+00,16.21
1010,2022/12/27 00:00:00+00,13.89
1011,2022/12/28 00:00:00+00,15.42
1012,2022/12/29 00:00:00+00,16.15
1013,2022/12/30 00:00:00+00,16.27
1014,2022/12/31 00:00:00+00,16.67
1015,2023/01/01 00:00:00+00,16.8
1016,2023/01/02 00:00:00+00,16.79
1017,2023/01/03 00:00:00+00,18.84
1018,2023/01/04 00:00:00+00,18.01
1019,2023/01/05 00:00:00+00,17.64
1020,2023/01/06 00:00:00+00,18.06
1021,2023/01/07 00:00:00+00,17.99
1022,2023/01/08 00:00:00+00,17.96
1023,2023/01/09 00:00:00+00,20.51
1024,2023/01/10 00:00:00+00,19.09
1025,2023/01/11 00:00:00+00,18.3
1026,2023/01/12 00:00:00+00,17.48
1027,2023/01/13 00:00:00+00,15.98
1028,2023/01/14 00:00:00+00,15.34
1029,2023/01/15 00:00:00+00,14.84
1030,2023/01/16 00:00:00+00,12.18
1031,2023/01/17 00:00:00+00,12.78
1032,2023/01/18 00:00:00+00,12.42
1033,2023/01/19 00:00:00+00,11.53
1034,2023/01/20 00:00:00+00,12.17
1035,2023/01/21 00:00:00+00,12.22
1036,2023/01/22 00:00:00+00,12.52
1037,2023/01/23 00:00:00+00,13.82
1038,2023/01/24 00:00:00+00,13.36
1039,2023/01/25 00:00:00+00,13.64
1040,2023/01/26 00:00:00+00,14.01
1041,2023/01/27 00:00:00+00,13.28
1042,2023/01/28 00:00:00+00,12.77
1043,2023/01/29 00:00:00+00,12.46
1044,2023/01/30 00:00:00+00,11.99
1045,2023/01/31 00:00:00+00,11.4
1046,2023/02/01 00:00:00+00,10.51
1047,2023/02/02 00:00:00+00,10.45
1048,2023/02/03 00:00:00+00,10.57
1049,2023/02/04 00:00:00+00,10.88
1050,2023/02/05 00:00:00+00,10.77
1051,2023/02/06 00:00:00+00,10.84
1052,2023/02/07 00:00:00+00,10.64
1053,2023/02/08 00:00:00+00,11.01
1054,2023/02/09 00:00:00+00,10.71
1055,2023/02/10 00:00:00+00,10.38
1056,2023/02/11 00:00:00+00,10.37
1057,2023/02/12 00:00:00+00,10.38
1058,2023/02/13 00:00:00+00,10.18
1059,2023/02/14 00:00:00+00,9.94
1060,2023/02/15 00:00:00+00,9.71
1061,2023/02/16 00:00:00+00,9.48
1062,2023/02/17 00:00:00+00,9.1
1063,2023/02/18 00:00:00+00,8.9
1064,2023/02/19 00:00:00+00,8.87
1065,2023/02/20 00:00:00+00,7.88
1066,2023/02/21 00:00:00+00,8.27
1067,2023/02/22 00:00:00+00,7.85
1068,2023/02/23 00:00:00+00,7.68
1069,2023/02/24 00:00:00+00,7.77
1070,2023/02/25 00:00:00+00,7.51
1071,2023/02/26 00:00:00+00,7.46
1072,2023/02/27 00:00:00+00,7.91
1073,2023/02/28 00:00:00+00,7.28
1074,2023/03/01 00:00:00+00,7.32
1075,2023/03/02 00:00:00+00,6.95
1076,2023/03/03 00:00:00+00,6.83
1077,2023/03/04 00:00:00+00,6.76
1078,2023/03/05 00:00:00+00,6.64
1079,2023/03/06 00:00:00+00,6.43
1080,2023/03/07 00:00:00+00,6.31
1081,2023/03/08 00:00:00+00,6.17
1082,2023/03/09 00:00:00+00,6.25
1083,2023/03/10 00:00:00+00,5.88
1084,2023/03/11 00:00:00+00,5.9
1085,2023/03/12 00:00:00+00,5.85
1086,2023/03/13 00:00:00+00,5.74
1087,2023/03/14 00:00:00+00,5.74
1088,2023/03/15 00:00:00+00,5.43
1089,2023/03/16 00:00:00+00,5.31
1090,2023/03/17 00:00:00+00,5.18
1091,2023/03/18 00:00:00+00,4.97
1092,2023/03/19 00:00:00+00,4.87
1093,2023/03/20 00:00:00+00,4.73
1094,2023/03/21 00:00:00+00,4.59
1095,2023/03/22 00:00:00+00,4.86
1096,2023/03/23 00:00:00+00,4.98
1097,2023/03/24 00:00:00+00,5.05
1098,2023/03/25 00:00:00+00,5.11
1099,2023/03/26 00:00:00+00,5.22
1100,2023/03/27 00:00:00+00,5.14
1101,2023/03/28 00:00:00+00,4.96
1102,2023/03/29 00:00:00+00,4.77
1103,2023/03/30 00:00:00+00,6.64
1104,2023/03/31 00:00:00+00,4.31
1105,2023/04/01 00:00:00+00,4.25
1106,2023/04/02 00:00:00+00,4.15
1107,2023/04/03 00:00:00+00,4.14
1108,2023/04/04 00:00:00+00,4.11
1109,2023/04/05 00:00:00+00,3.86
1110,2023/04/06 00:00:00+00,3.74
1111,2023/04/07 00:00:00+00,3.55
1112,2023/04/08 00:00:00+00,3.51
1113,2023/04/09 00:00:00+00,3.5
1114,2023/04/10 00:00:00+00,3.35
1115,2023/04/11 00:00:00+00,3.24
1116,2023/04/12 00:00:00+00,3.2
1117,2023/04/13 00:00:00+00,3.1
1118,2023/04/14 00:00:00+00,3.05
1119,2023/04/15 00:00:00+00,3.03
1120,2023/04/16 00:00:00+00,3.06
1121,2023/04/17 00:00:00+00,3.09
1122,2023/04/18 00:00:00+00,3.21
1123,2023/04/19 00:00:00+00,3.2
1124,2023/04/20 00:00:00+00,3.29
1125,2023/04/21 00:00:00+00,3.41
1126,2023/04/22 00:00:00+00,3.28
1127,2023/04/23 00:00:00+00,3.42
1128,2023/04/24 00:00:00+00,3.28
1129,2023/04/25 00:00:00+00,3.17
1130,2023/04/26 00:00:00+00,3.16
1131,2023/04/27 00:00:00+00,3.12
1132,2023/04/28 00:00:00+00,3.06
1133,2023/04/29 00:00:00+00,3.07
1134,2023/04/30 00:00:00+00,3
1135,2023/05/01 00:00:00+00,2.96
1136,2023/05/02 00:00:00+00,2.98
1137,2023/05/03 00:00:00+00,2.9
1138,2023/05/04 00:00:00+00,2.82
1139,2023/05/05 00:00:00+00,2.88
1140,2023/05/06 00:00:00+00,2.86
1141,2023/05/07 00:00:00+00,2.67
1142,2023/05/08 00:00:00+00,2.74
1143,2023/05/09 00:00:00+00,2.67
1144,2023/05/10 00:00:00+00,2.7
1145,2023/05/11 00:00:00+00,2.71
1146,2023/05/12 00:00:00+00,2.66
1147,2023/05/13 00:00:00+00,2.43
1148,2023/05/14 00:00:00+00,2.4
1149,2023/05/15 00:00:00+00,2.38
1150,2023/05/16 00:00:00+00,2.39
1151,2023/05/17 00:00:00+00,2.37
1152,2023/05/18 00:00:00+00,2.35
1153,2023/05/19 00:00:00+00,2.28
1154,2023/05/20 00:00:00+00,2.44
1155,2023/05/21 00:00:00+00,3.45
1156,2023/05/22 00:00:00+00,2.27
1157,2023/05/23 00:00:00+00,2.01
1158,2023/05/24 00:00:00+00,1.77
1159,2023/05/25 00:00:00+00,1.52
1160,2023/05/26 00:00:00+00,1.32
1161,2023/05/27 00:00:00+00,1.17
1162,2023/05/28 00:00:00+00,1.09
1163,2023/05/29 00:00:00+00,0.94
1164,2023/05/30 00:00:00+00,0.94
1165,2023/05/31 00:00:00+00,0.99
1166,2023/06/01 00:00:00+00,0.98
1167,2023/06/02 00:00:00+00,0.96
1168,2023/06/03 00:00:00+00,0.94
1169,2023/06/04 00:00:00+00,0.93
1170,2023/06/05 00:00:00+00,0.98
1171,2023/06/06 00:00:00+00,0.99
1172,2023/06/07 00:00:00+00,0.9
1173,2023/06/08 00:00:00+00,0.89
1174,2023/06/09 00:00:00+00,0.81
1175,2023/06/10 00:00:00+00,0.8
1176,2023/06/11 00:00:00+00,0.82
1177,2023/06/12 00:00:00+00,0.89
1178,2023/06/13 00:00:00+00,0.87
1179,2023/06/14 00:00:00+00,0.89
1180,2023/06/15 00:00:00+00,0.87
1181,2023/06/16 00:00:00+00,0.9
1182,2023/06/17 00:00:00+00,0.89
1183,2023/06/18 00:00:00+00,0.86
1184,2023/06/19 00:00:00+00,0.74
1185,2023/06/20 00:00:00+00,0.82
1186,2023/06/21 00:00:00+00,0.86
1187,2023/06/22 00:00:00+00,0.88
1188,2023/06/23 00:00:00+00,0.89
1189,2023/06/24 00:00:00+00,0.86
1190,2023/06/25 00:00:00+00,0.88
1191,2023/06/26 00:00:00+00,0.9
1192,2023/06/27 00:00:00+00,0.9
1193,2023/06/28 00:00:00+00,0.86
1194,2023/06/29 00:00:00+00,0.88
1195,2023/06/30 00:00:00+00,0.89
1196,2023/07/01 00:00:00+00,0.95
1197,2023/07/02 00:00:00+00,0.97
1198,2023/07/03 00:00:00+00,1.05
1199,2023/07/04 00:00:00+00,0.96
1200,2023/07/05 00:00:00+00,1.01
1201,2023/07/06 00:00:00+00,0.98
1202,2023/07/07 00:00:00+00,1.03
1203,2023/07/08 00:00:00+00,1.03
1204,2023/07/09 00:00:00+00,1
1205,2023/07/10 00:00:00+00,1.03
1206,2023/07/11 00:00:00+00,1.12
1207,2023/07/12 00:00:00+00,1.08
1208,2023/07/13 00:00:00+00,1.34
1209,2023/07/14 00:00:00+00,1.37
1210,2023/07/15 00:00:00+00,1.43
1211,2023/07/16 00:00:00+00,1.47
1212,2023/07/17 00:00:00+00,1.51
1213,2023/07/18 00:00:00+00,1.56
1214,2023/07/19 00:00:00+00,1.65
1215,2023/07/20 00:00:00+00,1.52
1216,2023/07/21 00:00:00+00,1.5
1217,2023/07/22 00:00:00+00,1.51
1218,2023/07/23 00:00:00+00,1.52
1219,2023/07/24 00:00:00+00,1.62
1220,2023/07/25 00:00:00+00,1.74
1221,2023/07/26 00:00:00+00,1.82
1222,2023/07/27 00:00:00+00,1.81
1223,2023/07/28 00:00:00+00,1.94
1224,2023/07/29 00:00:00+00,2
1225,2023/07/30 00:00:00+00,2.06
1226,2023/07/31 00:00:00+00,2.07
1227,2023/08/01 00:00:00+00,2.02
1228,2023/08/02 00:00:00+00,2.01
1229,2023/08/03 00:00:00+00,2.18
1230,2023/08/04 00:00:00+00,2.12
1231,2023/08/05 00:00:00+00,2.22
1232,2023/08/06 00:00:00+00,2.23
1233,2023/08/07 00:00:00+00,2.25
1234,2023/08/08 00:00:00+00,2.36
1235,2023/08/09 00:00:00+00,2.47
1236,2023/08/10 00:00:00+00,2.6
1237,2023/08/11 00:00:00+00,2.8
1238,2023/08/12 00:00:00+00,2.76
1239,2023/08/13 00:00:00+00,2.8
1240,2023/08/14 00:00:00+00,2.94
1241,2023/08/15 00:00:00+00,3.02
1242,2023/08/16 00:00:00+00,3.19
1243,2023/08/17 00:00:00+00,3.24
1244,2023/08/18 00:00:00+00,3.31
1245,2023/08/19 00:00:00+00,3.32
1246,2023/08/20 00:00:00+00,3.34
1247,2023/08/21 00:00:00+00,3.53
1248,2023/08/22 00:00:00+00,3.6
1249,2023/08/23 00:00:00+00,3.75
1250,2023/08/24 00:00:00+00,3.87
1251,2023/08/25 00:00:00+00,3.8
1252,2023/08/26 00:00:00+00,3.94
1253,2023/08/27 00:00:00+00,4.01
1254,2023/08/28 00:00:00+00,4.35
1255,2023/08/29 00:00:00+00,4.44
1256,2023/08/30 00:00:00+00,4.61
1257,2023/08/31 00:00:00+00,4.77
1258,2023/09/01 00:00:00+00,5.05
1259,2023/09/02 00:00:00+00,5.13
1260,2023/09/03 00:00:00+00,5.17
1261,2023/09/04 00:00:00+00,4.54
1262,2023/09/05 00:00:00+00,5
1263,2023/09/06 00:00:00+00,5.05
1264,2023/09/07 00:00:00+00,5.28
1265,2023/09/08 00:00:00+00,5.77
1266,2023/09/09 00:00:00+00,5.92
1267,2023/09/10 00:00:00+00,5.97
1268,2023/09/11 00:00:00+00,6.64
1269,2023/09/12 00:00:00+00,6.29
1270,2023/09/13 00:00:00+00,6.48
1271,2023/09/14 00:00:00+00,6.41
1272,2023/09/15 00:00:00+00,5.87
1273,2023/09/16 00:00:00+00,5.68
1274,2023/09/17 00:00:00+00,5.63
1275,2023/09/18 00:00:00+00,5.4
1276,2023/09/19 00:00:00+00,5.37
1277,2023/09/20 00:00:00+00,5.06
1278,2023/09/21 00:00:00+00,4.94
1279,2023/09/22 00:00:00+00,4.9
1280,2023/09/23 00:00:00+00,5
1281,2023/09/24 00:00:00+00,4.94
1282,2023/09/25 00:00:00+00,5.13
1283,2023/09/26 00:00:00+00,4.99
1284,2023/09/27 00:00:00+00,4.92
1285,2023/09/28 00:00:00+00,4.78
1286,2023/09/29 00:00:00+00,4.65
1287,2023/09/30 00:00:00+00,4.6
1288,2023/10/01 00:00:00+00,4.58
1289,2023/10/02 00:00:00+00,4.17
1290,2023/10/03 00:00:00+00,4.13
1291,2023/10/04 00:00:00+00,3.78
1292,2023/10/05 00:00:00+00,3.63
1293,2023/10/06 00:00:00+00,3.62
1294,2023/10/07 00:00:00+00,3.43
1295,2023/10/08 00:00:00+00,3.41
1296,2023/10/09 00:00:00+00,3.36
1297,2023/10/10 00:00:00+00,3.23
1298,2023/10/11 00:00:00+00,3.19
1299,2023/10/12 00:00:00+00,3.11
1300,2023/10/13 00:00:00+00,3.05
1301,2023/10/14 00:00:00+00,2.98
1302,2023/10/15 00:00:00+00,2.99
1303,2023/10/16 00:00:00+00,2.93
1304,2023/10/17 00:00:00+00,3
1305,2023/10/18 00:00:00+00,3.07
1306,2023/10/19 00:00:00+00,3.24
1307,2023/10/20 00:00:00+00,3.2
1308,2023/10/21 00:00:00+00,3.38
1309,2023/10/22 00:00:00+00,3.36
1310,2023/10/23 00:00:00+00,3.28
1311,2023/10/24 00:00:00+00,3.24
1312,2023/10/25 00:00:00+00,3.17
1313,2023/10/26 00:00:00+00,3.25
1314,2023/10/27 00:00:00+00,3.31
1315,2023/10/28 00:00:00+00,3.2
1316,2023/10/29 00:00:00+00,3.26
1317,2023/10/30 00:00:00+00,3.42
1318,2023/10/31 00:00:00+00,3.51
1319,2023/11/01 00:00:00+00,3.52
1320,2023/11/02 00:00:00+00,3.43
1321,2023/11/03 00:00:00+00,3.46
1322,2023/11/04 00:00:00+00,3.42
1323,2023/11/05 00:00:00+00,3.35
1324,2023/11/06 00:00:00+00,3.38
1325,2023/11/07 00:00:00+00,3.25
1326,2023/11/08 00:00:00+00,3.27
1327,2023/11/09 00:00:00+00,3.35
1328,2023/11/10 00:00:00+00,3.49
1329,2023/11/11 00:00:00+00,3.57
1330,2023/11/12 00:00:00+00,3.65
1331,2023/11/13 00:00:00+00,3.62
1332,2023/11/14 00:00:00+00,3.75
1333,2023/11/15 00:00:00+00,3.85
1334,2023/11/16 00:00:00+00,4.02
1335,2023/11/17 00:00:00+00,3.92
1336,2023/11/18 00:00:00+00,3.95
1337,2023/11/19 00:00:00+00,3.97
1338,2023/11/20 00:00:00+00,4.07
1339,2023/11/21 00:00:00+00,4.14
1340,2023/11/22 00:00:00+00,4.19
1341,2023/11/23 00:00:00+00,3.82
1342,2023/11/24 00:00:00+00,3.59
1343,2023/11/25 00:00:00+00,3.53
1344,2023/11/26 00:00:00+00,3.59
1345,2023/11/27 00:00:00+00,3.96
1346,2023/11/28 00:00:00+00,4.05
1347,2023/11/29 00:00:00+00,3.98
1348,2023/11/30 00:00:00+00,4.43
1349,2023/12/01 00:00:00+00,4.76
1350,2023/12/02 00:00:00+00,4.91
1351,2023/12/03 00:00:00+00,4.92
1352,2023/12/04 00:00:00+00,4.83
1353,2023/12/05 00:00:00+00,4.87
1354,2023/12/06 00:00:00+00,4.98
1355,2023/12/07 00:00:00+00,5.09
1356,2023/12/08 00:00:00+00,5.23
1357,2023/12/09 00:00:00+00,5.24
1358,2023/12/10 00:00:00+00,5.28
1359,2023/12/11 00:00:00+00,5.18
1360,2023/12/12 00:00:00+00,5
1361,2023/12/13 00:00:00+00,5.16
1362,2023/12/14 00:00:00+00,5.18
1363,2023/12/15 00:00:00+00,5.2
1364,2023/12/16 00:00:00+00,5.34
1365,2023/12/17 00:00:00+00,5.34
1366,2023/12/18 00:00:00+00,5.61
1367,2023/12/19 00:00:00+00,5.97
1368,2023/12/20 00:00:00+00,6.28
1369,2023/12/21 00:00:00+00,6.46
1370,2023/12/22 00:00:00+00,6.62
1371,2023/12/23 00:00:00+00,6.61
1372,2023/12/24 00:00:00+00,6.75
1373,2023/12/25 00:00:00+00,6.13
1374,2023/12/26 00:00:00+00,6.67
1375,2023/12/27 00:00:00+00,7.16
1376,2023/12/28 00:00:00+00,7.47
1377,2023/12/29 00:00:00+00,7.93
1378,2023/12/30 00:00:00+00,8.32
1379,2023/12/31 00:00:00+00,8.41
1380,2024/01/01 00:00:00+00,8.21
1381,2024/01/02 00:00:00+00,8.8
1382,2024/01/03 00:00:00+00,8.5
1383,2024/01/04 00:00:00+00,8.85
1384,2024/01/05 00:00:00+00,8.92
1385,2024/01/06 00:00:00+00,8.7
1386,2024/01/07 00:00:00+00,8.65
1387,2024/01/08 00:00:00+00,9.89
1388,2024/01/09 00:00:00+00,9.02
1389,2024/01/10 00:00:00+00,8.82
1390,2024/01/11 00:00:00+00,8.21
1391,2024/01/12 00:00:00+00,7.73
1392,2024/01/13 00:00:00+00,7.57
1393,2024/01/14 00:00:00+00,7.43
1394,2024/01/15 00:00:00+00,6.35
1395,2024/01/16 00:00:00+00,6.52
1396,2024/01/17 00:00:00+00,6.12
1397,2024/01/18 00:00:00+00,5.8
1398,2024/01/19 00:00:00+00,5.49
1399,2024/01/20 00:00:00+00,5.26
1400,2024/01/21 00:00:00+00,5
1401,2024/01/22 00:00:00+00,5.42
1402,2024/01/23 00:00:00+00,4.83
1403,2024/01/24 00:00:00+00,4.68
1404,2024/01/25 00:00:00+00,4.62
1405,2024/01/26 00:00:00+00,4.64
1406,2024/01/27 00:00:00+00,4.73
1407,2024/01/28 00:00:00+00,4.86
1408,2024/01/29 00:00:00+00,4.8
1409,2024/01/30 00:00:00+00,4.57
1410,2024/01/31 00:00:00+00,4.62
1411,2024/02/01 00:00:00+00,4.46
1412,2024/02/02 00:00:00+00,4.4
1413,2024/02/03 00:00:00+00,4.29
1414,2024/02/04 00:00:00+00,4.25
1415,2024/02/05 00:00:00+00,4.14
1416,2024/02/06 00:00:00+00,4.29
1417,2024/02/07 00:00:00+00,4.28
1418,2024/02/08 00:00:00+00,4.51
1419,2024/02/09 00:00:00+00,4.51
1420,2024/02/10 00:00:00+00,4.5
1421,2024/02/11 00:00:00+00,4.55
1422,2024/02/12 00:00:00+00,4.59
1423,2024/02/13 00:00:00+00,4.51
1424,2024/02/14 00:00:00+00,4.47
1425,2024/02/15 00:00:00+00,4.27
1426,2024/02/16 00:00:00+00,4.32
1427,2024/02/17 00:00:00+00,4.28
1428,2024/02/18 00:00:00+00,4.21
1429,2024/02/19 00:00:00+00,4.12
1430,2024/02/20 00:00:00+00,4.02
1431,2024/02/21 00:00:00+00,3.85
1432,2024/02/22 00:00:00+00,3.9
1433,2024/02/23 00:00:00+00,3.77
1434,2024/02/24 00:00:00+00,3.8
1435,2024/02/25 00:00:00+00,3.76
1436,2024/02/26 00:00:00+00,3.67
1437,2024/02/27 00:00:00+00,3.66
1438,2024/02/28 00:00:00+00,3.79
1439,2024/02/29 00:00:00+00,3.64
1440,2024/03/01 00:00:00+00,3.49
1441,2024/03/02 00:00:00+00,3.4
1442,2024/03/03 00:00:00+00,3.38
1443,2024/03/04 00:00:00+00,3.2
1444,2024/03/05 00:00:00+00,3.13
1445,2024/03/06 00:00:00+00,2.95
1446,2024/03/07 00:00:00+00,2.75
1447,2024/03/08 00:00:00+00,2.69
1448,2024/03/09 00:00:00+00,2.6
1449,2024/03/10 00:00:00+00,2.55
1450,2024/03/11 00:00:00+00,2.59
1451,2024/03/12 00:00:00+00,2.49
1452,2024/03/13 00:00:00+00,2.39
1453,2024/03/14 00:00:00+00,2.34
1454,2024/03/15 00:00:00+00,2.17
1455,2024/03/16 00:00:00+00,2.11
1456,2024/03/17 00:00:00+00,2.03
1457,2024/03/18 00:00:00+00,2.18
1458,2024/03/19 00:00:00+00,2.47
1459,2024/03/20 00:00:00+00,2.87
1460,2024/03/21 00:00:00+00,2.93
1461,2024/03/22 00:00:00+00,3.28
1462,2024/03/23 00:00:00+00,3.52
1463,2024/03/24 00:00:00+00,3.52
1464,2024/03/25 00:00:00+00,3.32
1465,2024/03/26 00:00:00+00,2.93
1466,2024/03/27 00:00:00+00,2.38
1467,2024/03/28 00:00:00+00,2.21
1468,2024/03/29 00:00:00+00,1.77
1469,2024/03/30 00:00:00+00,1.45
1470,2024/03/31 00:00:00+00,1.48
1471,2024/04/01 00:00:00+00,1.28
1472,2024/04/02 00:00:00+00,1.29
1473,2024/04/03 00:00:00+00,1.3
1474,2024/04/04 00:00:00+00,1.31
1475,2024/04/05 00:00:00+00,1.32
1476,2024/04/06 00:00:00+00,1.36
1477,2024/04/07 00:00:00+00,1.35
1478,2024/04/08 00:00:00+00,1.4
1479,2024/04/09 00:00:00+00,1.35
1480,2024/04/10 00:00:00+00,1.34
1481,2024/04/11 00:00:00+00,1.29
1482,2024/04/12 00:00:00+00,1.31
1483,2024/04/13 00:00:00+00,1.32
1484,2024/04/14 00:00:00+00,1.3
1485,2024/04/15 00:00:00+00,1.31
1486,2024/04/16 00:00:00+00,1.3
1487,2024/04/17 00:00:00+00,1.28
1488,2024/04/18 00:00:00+00,1.27
1489,2024/04/19 00:00:00+00,1.24
1490,2024/04/20 00:00:00+00,1.2
1491,2024/04/21 00:00:00+00,1.2
1492,2024/04/22 00:00:00+00,1.1
1493,2024/04/23 00:00:00+00,1.04
1494,2024/04/24 00:00:00+00,1.01
1495,2024/04/25 00:00:00+00,0.95
1496,2024/04/26 00:00:00+00,0.91
1497,2024/04/27 00:00:00+00,0.88
1498,2024/04/28 00:00:00+00,0.86
1499,2024/04/29 00:00:00+00,0.85
1500,2024/04/30 00:00:00+00,0.86
1501,2024/05/01 00:00:00+00,0.89
1502,2024/05/02 00:00:00+00,0.91
1503,2024/05/03 00:00:00+00,0.92
1504,2024/05/04 00:00:00+00,0.93
1505,2024/05/05 00:00:00+00,0.94
1506,2024/05/06 00:00:00+00,0.98
1507,2024/05/07 00:00:00+00,0.98
1508,2024/05/08 00:00:00+00,1
1509,2024/05/09 00:00:00+00,1.02
1510,2024/05/10 00:00:00+00,1.04
1511,2024/05/11 00:00:00+00,1.05
1512,2024/05/12 00:00:00+00,1.07
1513,2024/05/13 00:00:00+00,1.04
1514,2024/05/14 00:00:00+00,1.03
1515,2024/05/15 00:00:00+00,0.97
1516,2024/05/16 00:00:00+00,0.98
1517,2024/05/17 00:00:00+00,1
1518,2024/05/18 00:00:00+00,0.99
1519,2024/05/19 00:00:00+00,0.96
1520,2024/05/20 00:00:00+00,0.99
1521,2024/05/21 00:00:00+00,1.01
1522,2024/05/22 00:00:00+00,1.07
1523,2024/05/23 00:00:00+00,1.05
1524,2024/05/24 00:00:00+00,1.1
1525,2024/05/25 00:00:00+00,1.08
1526,2024/05/26 00:00:00+00,1.09
1527,2024/05/27 00:00:00+00,0.91
1528,2024/05/28 00:00:00+00,1.06
1529,2024/05/29 00:00:00+00,1.09
1530,2024/05/30 00:00:00+00,1.17
1531,2024/05/31 00:00:00+00,1.16
1532,2024/06/01 00:00:00+00,1.22
1533,2024/06/02 00:00:00+00,1.21
1534,2024/06/03 00:00:00+00,1.48
1535,2024/06/04 00:00:00+00,1.4
1536,2024/06/05 00:00:00+00,1.45
1537,2024/06/06 00:00:00+00,1.45
1538,2024/06/07 00:00:00+00,1.46
1539,2024/06/08 00:00:00+00,1.46
1540,2024/06/09 00:00:00+00,1.51
1541,2024/06/10 00:00:00+00,1.57
1542,2024/06/11 00:00:00+00,1.5
1543,2024/06/12 00:00:00+00,1.49
1544,2024/06/13 00:00:00+00,1.52
1545,2024/06/14 00:00:00+00,1.61
1546,2024/06/15 00:00:00+00,1.64
1547,2024/06/16 00:00:00+00,1.64
1548,2024/06/17 00:00:00+00,1.66
1549,2024/06/18 00:00:00+00,1.89
1550,2024/06/19 00:00:00+00,1.96
1551,2024/06/20 00:00:00+00,1.98
1552,2024/06/21 00:00:00+00,2.01
1553,2024/06/22 00:00:00+00,2.02
1554,2024/06/23 00:00:00+00,2.07
1555,2024/06/24 00:00:00+00,2.24
1556,2024/06/25 00:00:00+00,2.22
1557,2024/06/26 00:00:00+00,2.26
1558,2024/06/27 00:00:00+00,2.47
1559,2024/06/28 00:00:00+00,2.42
1560,2024/06/29 00:00:00+00,2.46
1561,2024/06/30 00:00:00+00,2.43
1562,2024/07/01 00:00:00+00,2.48
1563,2024/07/02 00:00:00+00,2.64
1564,2024/07/03 00:00:00+00,2.72
1565,2024/07/04 00:00:00+00,2.59
1566,2024/07/05 00:00:00+00,2.53
1567,2024/07/06 00:00:00+00,2.63
1568,2024/07/07 00:00:00+00,2.71
1569,2024/07/08 00:00:00+00,2.77
1570,2024/07/09 00:00:00+00,2.86
1571,2024/07/10 00:00:00+00,3.17
1572,2024/07/11 00:00:00+00,3.67
1573,2024/07/12 00:00:00+00,4.01
1574,2024/07/13 00:00:00+00,4.03
1575,2024/07/14 00:00:00+00,4.27
1576,2024/07/15 00:00:00+00,4.08
1577,2024/07/16 00:00:00+00,4.01
1578,2024/07/17 00:00:00+00,4.05
1579,2024/07/18 00:00:00+00,3.99
1580,2024/07/19 00:00:00+00,3.88
1581,2024/07/20 00:00:00+00,3.77
1582,2024/07/21 00:00:00+00,3.61
1583,2024/07/22 00:00:00+00,4.66
1584,2024/07/23 00:00:00+00,4.98
1585,2024/07/24 00:00:00+00,5.3
1586,2024/07/25 00:00:00+00,5.43
1587,2024/07/26 00:00:00+00,5.88
1588,2024/07/27 00:00:00+00,6.14
1589,2024/07/28 00:00:00+00,6.17
1590,2024/07/29 00:00:00+00,5.51
1591,2024/07/30 00:00:00+00,5.94
1592,2024/07/31 00:00:00+00,6.07
1593,2024/08/01 00:00:00+00,6.44
1594,2024/08/02 00:00:00+00,6.53
1595,2024/08/03 00:00:00+00,6.47
1596,2024/08/04 00:00:00+00,6.43
1597,2024/08/05 00:00:00+00,6.88
1598,2024/08/06 00:00:00+00,6.6
1599,2024/08/07 00:00:00+00,6.33
1600,2024/08/08 00:00:00+00,6.17
1601,2024/08/09 00:00:00+00,6.03
1602,2024/08/10 00:00:00+00,6.08
1603,2024/08/11 00:00:00+00,6.14
1604,2024/08/12 00:00:00+00,6.1
1605,2024/08/13 00:00:00+00,6.12
1606,2024/08/14 00:00:00+00,6.18
1607,2024/08/15 00:00:00+00,6.3
1608,2024/08/16 00:00:00+00,6.31
1609,2024/08/17 00:00:00+00,6.22
1610,2024/08/18 00:00:00+00,6.23
1611,2024/08/19 00:00:00+00,6.17
1612,2024/08/20 00:00:00+00,6.1
1613,2024/08/21 00:00:00+00,6
1614,2024/08/22 00:00:00+00,5.8
1615,2024/08/23 00:00:00+00,5.8
1616,2024/08/24 00:00:00+00,6.08
1617,2024/08/25 00:00:00+00,6.02
1618,2024/08/26 00:00:00+00,5.85
1619,2024/08/27 00:00:00+00,5.81
1620,2024/08/28 00:00:00+00,6.14
1621,2024/08/29 00:00:00+00,6.25
1622,2024/08/30 00:00:00+00,6.33
1623,2024/08/31 00:00:00+00,6.37
1624,2024/09/01 00:00:00+00,6.39
1625,2024/09/02 00:00:00+00,5.98
1626,2024/09/03 00:00:00+00,6.04
1627,2024/09/04 00:00:00+00,5.87
1628,2024/09/05 00:00:00+00,5.56
1629,2024/09/06 00:00:00+00,5.23
1630,2024/09/07 00:00:00+00,5.35
1631,2024/09/08 00:00:00+00,5.4
1632,2024/09/09 00:00:00+00,5.6
1633,2024/09/10 00:00:00+00,5.61
1634,2024/09/11 00:00:00+00,5.8
1635,2024/09/12 00:00:00+00,5.8
1636,2024/09/13 00:00:00+00,5.8
1637,2024/09/14 00:00:00+00,5.37
1638,2024/09/15 00:00:00+00,5.29
1639,2024/09/16 00:00:00+00,5.85
